{
	"format_version": "1.18.20",
	"animation_controllers": {
		"controller.animation.player.afk_without_damage": {
			"states": {
				"default": {
					"transitions": [
						{
							"stands_still": "!query.is_moving"
						}
					]
				},
				"stands_still": {
					"on_entry": [
						"v.afk = q.life_time;"
					],
					"transitions": [
						{
							"afk": "(q.life_time - v.afk) >= 120 && (q.life_time - v.afk) <= 121 && !q.is_moving"
						},
						{
							"default": "q.is_moving"
						}
					]
				},
				"afk": {
					"on_entry": [
						"/say §6§lI'm now AFK"
					],
					"transitions": [
						{
							"default": "q.is_moving"
						}
					],
					"on_exit": [
						"/say §a§lI'm no longer AFK!"
					]
				}
			}
		}
	}
}
