{
	"format_version": "1.18.20",
	"animation_controllers": {
		"controller.animation.player.afk_with_damage": {
			"states": {
				"default": {
					"transitions": [
						{
							"stands_still": "!query.is_moving"
						}
					]
				},
				"stands_still": {
					"on_entry": [
						"v.afk = q.life_time;"
					],
					"transitions": [
						{
							"afk": "(q.life_time - v.afk) >= 15 && !q.is_moving"
						},
						{
							"default": "q.is_moving"
						}
					]
				},
				"afk": {
					"on_entry": [
						"/say §6§lI'm now AFK",
						"v.hp = q.health"
					],
					"transitions": [
                        {
                            "afk_moving": "q.is_moving"
                        },
						{
							"afk_damage": "q.health < v.hp"
						},
						{
							"default": "0"
						}
					]
				},
				"afk_moving": {
					"on_entry": ["/say §a§lI'm no longer AFK!"],
					"transitions": [
						{
							"default": "1"
						}
					]
				},
				"afk_damage": {
					"on_entry": [
						"/say §c§lI'm AFK and something is damaging me. Please help!"
					],
					"transitions": [
						{
							"afk": "1"
						},
						{
							"default": "0"
						}
					]
				}
			}
		}
	}
}
