{
	"format_version": "1.18.20",
	"animation_controllers": {
		"controller.animation.player.afk_without_damage": {
			"states": {
				"default": {
					"transitions": [
						{
							"stands_still": "!query.is_moving"
						}
					]
				},
				"stands_still": {
					"on_entry": [
						"v.afk = q.life_time;"
					],
					"transitions": [
						{
							"afk": "(q.life_time - v.afk) >= 30 && (q.life_time - v.afk) <= 31 && !q.is_moving"
						},
						{
							"default": "q.is_moving"
						}
					]
				},
				"afk": {
					"on_entry": [
						"/say §6§lI'm now AFK"
					],
					"transitions": [
                        {
                            "afk_moving": "q.is_moving"
                        },
						{
							"default": "0"
						}
					]
				},
				"afk_moving": {
					"on_entry": ["/say §a§lI'm no longer AFK!"],
					"transitions": [
						{
							"default": "1"
						}
					]
				}
			}
		}
	}
}
