{
	"format_version": "1.18.20",
	"animation_controllers": {
		"controller.animation.player.ops": {
			"states": {
				"default": {
					"transitions": [
						{
                            "sleeping": "q.is_sleeping"
                        }
					]
				},
                "sleeping": {
                    "transitions": [
                        {
                            "default": "1"
                        }
                    ],
                    "on_exit": [
                        "/time set day",
                        "/weather clear",
                        "/say §lI am sleeping...zzz"
                    ]
                }
            }
		}
	}
}
