{
	"format_version": "1.18.20",
	"animation_controllers": {
		"controller.animation.player.ops": {
			"states": {
				"default": {
					"transitions": [
						{
                            "sleeping": "q.is_sleeping"
                        }
					]
				},
                "sleeping": {
                    "on_entry": [
                        "/gamerule doinsomnia false",
                        "/gamerule doweathercycle false",
                        "/say §lI am sleeping...zzz"
                    ],
                    "transitions": [
                        {
                            "default": "!q.is_sleeping"
                        }
                    ],
                    "on_exit": [
                        "/time set day",
                        "/weather clear",
                        "/gamerule doinsomnia true",
                        "/gamerule doweathercycle true"
                    ]
                }
            }
		}
	}
}
