{
	"format_version": "1.10.0",
	"animation_controllers": {
		"controller.animation.player.afk": {
			"states": {
				"default": {
					"transitions": [
						{
							"stands_still": "!query.is_moving"
						}
					]
				},
				"stands_still": {
					"on_entry": [
							"v.afk = query.life_time;"
					],
					"transitions": [
						{
							"afk": "(query.life_time - v.afk) >= 15 && !query.is_moving"
						},
						{
							"default": "query.is_moving"
						}
					]
				},
				"afk": {
					"on_entry": ["/tag @s add AFK", "/say I'm now AFK."],
					"animations": [],
					"transitions": [
                        {
                            "afk_damage": "query.has_damage"
                        },
						{
							"default": "query.is_moving && !query.has_damage"
						}
					],
					"on_exit": ["/tag @s remove AFK", "/say I'm no longer AFK!"]
				},
                "afk_damage": {
                    "on_entry": ["/tag @s add AFK_DAMAGE", "/say I'm AFK and something is damaging me. Please help!"],
                    "animations": [],
                    "transitions": [
                        {
                            "default": "!query.has_damage"
                        }
                    ],
                    "on_exit": ["/tag @s remove AFK_DAMAGE"]
                }
			}
		}
	}
}
